"","sample_name","tax_id","tax_level","genus_tax_id","name","common_name","category","is_phage","agg_score","max_z_score","nt_z_score","nt_rpm","nt_count","nt_contigs","nt_contig_r","nt_percent_identity","nt_alignment_length","nt_e_value","nt_bg_mean","nt_bg_stdev","nt_bg_mean_mass_normalized","nt_bg_stdev_mass_normalized","nr_z_score","nr_rpm","nr_count","nr_contigs","nr_contig_r","nr_percent_identity","nr_alignment_length","nr_e_value","nr_bg_mean","nr_bg_stdev","nr_bg_mean_mass_normalized","nr_bg_stdev_mass_normalized","species_tax_ids","expected_bg_count","p_val","p_adj"
"646","OPS015_UGD-HIV-PNEU_BAL_RNA_1153_E2_S54",312306,1,286,"Pseudomonas entomophila","","bacteria","false",12646.3994850355,99,99,221.449379983128,17655,13,17398,96.6275,1234.52,"10^-292.288",0.303393,0.87772,NA,NA,2.28935171507001,0.765132380570424,61,1,4,98.8027,62.7288,"10^-217.956",0.0524984,0.311282,NA,NA,"",0,0,0
"647","OPS015_UGD-HIV-PNEU_BAL_RNA_1153_E2_S54",287,1,286,"Pseudomonas aeruginosa","","bacteria","false",623.650482026617,1.86374190343792,1.86374190343792,504.736508100883,40240,72,38203,99.396,1146.61,"10^-277.755",52.8406,242.467,NA,NA,1.10780535806033,160.57745468955,12802,62,11780,98.732,74.6517,"10^-65.0823",28.732,119.015,NA,NA,"",1431.70292978692,6.51701467427062e-08,3.20378431315289e-07
"648","OPS015_UGD-HIV-PNEU_BAL_RNA_1153_E2_S54",2487887,1,286,"Pseudomonas sp. KU43P","","bacteria","false",8.52995687362892,100,100,0.137974691578273,11,NA,NA,99.93,150,"10^-90.1709",NA,NA,NA,NA,100,0.012543153779843,1,NA,NA,90,50,"10^-307.653",NA,NA,NA,NA,"",0,0,0
"650","OPS015_UGD-HIV-PNEU_BAL_RNA_1153_E2_S54",1149133,1,286,"Pseudomonas furukawaii","","bacteria","false",2.01848631794968,100,100,0.025086307559686,2,NA,NA,86.35,150,"10^-62.1677",NA,NA,NA,NA,100,0.012543153779843,1,NA,NA,91.8,49,"10^-307.653",NA,NA,NA,NA,"",0,0,0
"652","OPS015_UGD-HIV-PNEU_BAL_RNA_1153_E2_S54",47884,1,286,"Pseudomonas taetrolens","","bacteria","false",0.01364736116378,1.88630585708311,1.88630585708311,0.012543153779843,1,NA,NA,100,103,"10^-58.2218",0.000640677,0.00630994,NA,NA,-100,0,0,NA,NA,0,0,"10^0",0.0589021,0.254106,NA,NA,"",0,0,0
"653","OPS015_UGD-HIV-PNEU_BAL_RNA_1153_E2_S54",306,1,286,"Pseudomonas sp.","","bacteria","false",0.00333352088951115,0.0767918904264341,0.0767918904264341,0.0752589226790581,6,NA,NA,99.1,149.667,"10^-88.2512",0.0587244,0.215316,NA,NA,-100,0,0,NA,NA,0,0,"10^0",0.00491811,0.0338957,NA,NA,"",0.148198659725299,6.47370801818054e-06,3.10198509204484e-05
"654","OPS015_UGD-HIV-PNEU_BAL_RNA_1153_E2_S54",1855380,1,286,"Pseudomonas sp. Z003-0.4C(8344-21)","","bacteria","false",-0.00192365691099004,-0.132941645446052,-0.132941645446052,0.025086307559686,2,NA,NA,88.05,117,"10^-48.5556",0.0506236,0.192094,NA,NA,-100,0,0,NA,NA,0,0,"10^0",0.00117138,0.00880356,NA,NA,"",0,0,0
"658","OPS015_UGD-HIV-PNEU_BAL_RNA_1153_E2_S54",69328,1,286,"Pseudomonas sp. VLB120","","bacteria","false",-0.0068445880918027,-0.213628197248357,-0.315347571640307,0.037629461339529,3,NA,NA,97.4667,146.333,"10^-82.7688",0.336625,0.948146,NA,NA,-100,0,0,NA,NA,0,0,"10^0",0.0271107,0.126906,NA,NA,"",0,0,0
"659","OPS015_UGD-HIV-PNEU_BAL_RNA_1153_E2_S54",70775,1,286,"Pseudomonas plecoglossicida","","bacteria","false",-0.00908719629452338,-0.120573993359669,-0.120573993359669,0.0878020764589011,7,NA,NA,97.72,150,"10^-85.636",7.46095,61.1504,NA,NA,-0.130393317938189,0.0501726151193721,4,NA,NA,99.5,64,"10^-181.536",0.197993,1.13365,NA,NA,"",0,0,0
"660","OPS015_UGD-HIV-PNEU_BAL_RNA_1153_E2_S54",1649877,1,286,"Pseudomonas sp. CCOS 191","","bacteria","false",-0.0128128780608552,-0.177096558391283,-0.177096558391283,0.12543153779843,10,NA,NA,97.7104,186.8,"10^-99.1323",0.301519,0.994302,NA,NA,-100,0,0,NA,NA,0,0,"10^0",0.0180854,0.0738864,NA,NA,"",0,0,0
"663","OPS015_UGD-HIV-PNEU_BAL_RNA_1153_E2_S54",1338689,1,286,"Pseudomonas sp. JY-Q","","bacteria","false",-0.0177028460981788,-0.0764639173676399,-0.0764639173676399,0.401380920954977,32,NA,NA,99.9741,150,"10^-90.2584",1.0127,7.99487,NA,NA,-100,0,0,NA,NA,0,0,"10^0",0.019402,0.120458,NA,NA,"",0,0,0
"664","OPS015_UGD-HIV-PNEU_BAL_RNA_1153_E2_S54",114707,1,286,"uncultured Pseudomonas sp.","","bacteria","false",-0.0206394895570589,-0.120984727706654,-0.135844821055651,0.263406229376703,21,NA,NA,99.7211,145.632,"10^-86.8174",1.15064,6.53123,NA,NA,-100,0,0,NA,NA,0,0,"10^0",0.00754318,0.0623482,NA,NA,"",0,0,0
"665","OPS015_UGD-HIV-PNEU_BAL_RNA_1153_E2_S54",29442,1,286,"Pseudomonas tolaasii","","bacteria","false",-0.0261973719464744,-0.258638467852514,-0.258638467852514,0.175604152917802,14,NA,NA,100,150,"10^-90.3098",0.569689,1.52369,NA,NA,-100,0,0,NA,NA,0,0,"10^0",0.0489288,0.153919,NA,NA,"",0,0,0
"667","OPS015_UGD-HIV-PNEU_BAL_RNA_1153_E2_S54",316,1,286,"Pseudomonas stutzeri","","bacteria","false",-0.523329673774381,-0.185504515394759,-0.185504515394759,4.80402789767987,383,1,379,99.1421,230.053,"10^-113.307",8.61865,20.5635,NA,NA,-0.40674429782582,0.0501726151193721,4,NA,NA,100,70.75,"10^-115.972",3.73552,9.0606,NA,NA,"",28.750539986708,0.000217700804127054,0.0010086281860275
"668","OPS015_UGD-HIV-PNEU_BAL_RNA_1153_E2_S54",1549164,1,29203,"Cyclotella sp. WC03_2","","eukaryota","false",550.478116106506,100,100,0.0878020764589011,7,NA,NA,98.7833,132.833,"10^-76.0802",NA,NA,NA,NA,100,0.012543153779843,1,NA,NA,98,49,"10^-307.653",NA,NA,NA,NA,"",0,0,0
"669","OPS015_UGD-HIV-PNEU_BAL_RNA_1153_E2_S54",463676,1,12059,"Rhinovirus C","","viruses","false",3124.51644654417,99,99,1.45500583846179,116,7,98,98.3857,565.646,"10^-234.046",0.000690234,0.00679802,NA,NA,99,1.4299195309021,114,7,98,99.6853,182.021,"10^-179.458",0.000690234,0.00679802,NA,NA,"",0,0,0
"671","OPS015_UGD-HIV-PNEU_BAL_RNA_1153_E2_S54",529884,1,529883,"Rhodoluna lacicola","","bacteria","false",0.506950869137244,0.709224519360312,0.709224519360312,0.0752589226790581,6,NA,NA,99.7667,144.667,"10^-86.208",0.0188238,0.079573,NA,NA,-100,0,0,NA,NA,0,0,"10^0",0.00683057,0.0282134,NA,NA,"",0,0,0
"673","OPS015_UGD-HIV-PNEU_BAL_RNA_1153_E2_S54",1161903,1,1623286,"Pseudomonas phage MP42","","viruses","true",250.86307559686,100,100,0.012543153779843,1,NA,NA,100,150,"10^-90.3098",NA,NA,NA,NA,100,0.012543153779843,1,NA,NA,100,30,"10^-307.653",NA,NA,NA,NA,"",0,0,0
"676","OPS015_UGD-HIV-PNEU_BAL_RNA_1153_E2_S54",1773,1,1763,"Mycobacterium tuberculosis","","bacteria","false",90.6440585576523,61.036881986284,61.036881986284,6.63532834953696,529,2,507,99.9958,2408.06,"10^-299.075",0.0268041,0.108271,NA,NA,-0.274854265049926,0.890563918368854,71,2,52,75.7994,105.662,"10^-93.2589",11.8744,39.9624,NA,NA,"",0,0,0
"677","OPS015_UGD-HIV-PNEU_BAL_RNA_1153_E2_S54",39778,1,29465,"Veillonella dispar","","bacteria","false",79.6983350893475,100,100,5.11760674217595,408,3,404,99.6555,2049.39,"10^-300.821",NA,NA,NA,NA,-0.263882730956066,0.037629461339529,3,NA,NA,100,49.3333,"10^-307.653",0.379983,1.29737,NA,NA,"",28.9524667957549,0.000142480246020129,0.000664907814760603
"681","OPS015_UGD-HIV-PNEU_BAL_RNA_1153_E2_S54",2080259,1,-200,"Blacklegged tick picorna-like virus 2","","viruses","false",7.41613955983651,100,100,0.100345230238744,8,NA,NA,99.55,111.375,"10^-63.2549",NA,NA,NA,NA,100,0.0752589226790581,6,NA,NA,99.3167,39,"10^-307.653",NA,NA,NA,NA,"",0,0,0
"682","OPS015_UGD-HIV-PNEU_BAL_RNA_1153_E2_S54",1256574,1,-200,"uncultured bacterium A1Q1_fos_4","","bacteria","false",6.61071307623802,100,1.02948109449821,0.025086307559686,2,NA,NA,93.2,117,"10^-56.7959",0.00346041,0.0210066,NA,NA,100,0.150517845358116,12,1,8,92.7396,39,"10^-97.2928",NA,NA,NA,NA,"",0,0,0
"683","OPS015_UGD-HIV-PNEU_BAL_RNA_1153_E2_S54",1923376,1,-200,"Sanxia picorna-like virus 7","","viruses","false",4.32907970635245,100,100,0.025086307559686,2,NA,NA,85.4,130,"10^-50.5686",NA,NA,NA,NA,100,0.0752589226790581,6,NA,NA,95.3647,42.8333,"10^-211.848",NA,NA,NA,NA,"",0,0,0
"685","OPS015_UGD-HIV-PNEU_BAL_RNA_1153_E2_S54",115547,1,-200,"uncultured archaeon","","archaea","false",-0.000213944344577261,-0.0207910783785877,-0.0207910783785877,0.025086307559686,2,NA,NA,94.5,73,"10^-32.2924",0.0272796,0.105492,NA,NA,-100,0,0,NA,NA,0,0,"10^0",0.00112069,0.00837688,NA,NA,"",0,0,0
"687","OPS015_UGD-HIV-PNEU_BAL_RNA_1153_E2_S54",1637999,1,-200,"Verrucomicrobia bacterium IMCC26134","","bacteria","false",-0.00146559456186888,-0.142426253272816,-0.142426253272816,0.025086307559686,2,NA,NA,92.7,110,"10^-52.0132",0.190033,1.15812,NA,NA,-100,0,0,NA,NA,0,0,"10^0",0.294132,1.92554,NA,NA,"",0,0,0
"698","OPS015_UGD-HIV-PNEU_BAL_RNA_1153_E2_S54",152507,1,-200,"uncultured actinobacterium","","bacteria","false",-0.0320685335577008,-0.101534303320529,-0.18887364488434,0.41392407473482,33,1,14,96.0465,243.074,"10^-109.193",1.86586,7.68734,NA,NA,-100,0,0,NA,NA,0,0,"10^0",0.000276484,0.00272306,NA,NA,"",3.20100314948326,0.00150946167755146,0.00690407187743706
"702","OPS015_UGD-HIV-PNEU_BAL_RNA_1153_E2_S54",1659,1,1654,"Actinomyces israelii","","bacteria","false",16.6803496356196,100,100,0.576985073872779,46,1,36,87.4675,611.524,"10^-248.416",NA,NA,NA,NA,-100,0,0,NA,NA,0,0,"10^0",0.0468237,0.161083,NA,NA,"",0.889191958351795,5.29508324656977e-11,2.64343690758987e-10
"703","OPS015_UGD-HIV-PNEU_BAL_RNA_1153_E2_S54",111015,1,1654,"Actinomyces radicidentis","","bacteria","false",0.0703359493808086,0.473092626396947,0.473092626396947,0.514269304973564,41,3,38,92.2738,362.676,"10^-136.557",0.208563,0.646187,NA,NA,-100,0,0,NA,NA,0,0,"10^0",0.0412318,0.167572,NA,NA,"",0,0,0
"704","OPS015_UGD-HIV-PNEU_BAL_RNA_1153_E2_S54",1522002,1,1654,"Actinomyces succiniciruminis","","bacteria","false",-0.000793970766709908,-0.162030319362105,-0.21895617338059,0.012543153779843,1,NA,NA,80.7,150,"10^-50.5086",0.192057,0.819862,NA,NA,-100,0,0,NA,NA,0,0,"10^0",0.0469,0.289452,NA,NA,"",0,0,0
"706","OPS015_UGD-HIV-PNEU_BAL_RNA_1153_E2_S54",67581,1,1883,"Streptomyces viridosporus","","bacteria","false",1.94942635447611,100,100,0.0501726151193721,4,NA,NA,96.15,78.5,"10^-37.4062",NA,NA,NA,NA,-100,0,0,NA,NA,0,0,"10^0",1.8382,5.18357,NA,NA,"",0,0,0
"707","OPS015_UGD-HIV-PNEU_BAL_RNA_1153_E2_S54",1902136,1,1301,"Streptococcus sp. NPS 308","","bacteria","false",-0.000847169720531408,-0.168308510546534,-0.168308510546534,0.025086307559686,2,NA,NA,100,150,"10^-90.3098",2.18334,12.8232,NA,NA,-100,0,0,NA,NA,0,0,"10^0",0.00262084,0.0148948,NA,NA,"",0,0,0
"708","OPS015_UGD-HIV-PNEU_BAL_RNA_1153_E2_S54",1318,1,1301,"Streptococcus parasanguinis","","bacteria","false",-0.0196329825624224,-0.199225990241864,-0.199225990241864,0.439010382294506,35,1,29,97.9314,623.727,"10^-267.803",0.960333,2.61674,NA,NA,-0.202812368019637,0.0501726151193721,4,NA,NA,100,49,"10^-307.653",0.182415,0.652043,NA,NA,"",0.592794638901196,1.92650139885373e-11,9.63250699426864e-11
"709","OPS015_UGD-HIV-PNEU_BAL_RNA_1153_E2_S54",28037,1,1301,"Streptococcus mitis","","bacteria","false",-0.0497785235432974,-0.153367937864671,-0.156977393428162,1.58043737626022,126,3,120,99.5954,477.009,"10^-296.844",81.1044,506.595,NA,NA,-100,0,0,NA,NA,0,0,"10^0",11.2396,73.2852,NA,NA,"",6.63918275491581,1.27588539534815e-05,6.05059053464069e-05
"718","OPS015_UGD-HIV-PNEU_BAL_RNA_1153_E2_S54",75750,1,5052,"Aspergillus sydowii","","eukaryota","false",0.079327012433336,3.83921477962061,3.83921477962061,0.0501726151193721,4,NA,NA,100,144.5,"10^-86.5528",0.00210603,0.0125199,NA,NA,-100,0,0,NA,NA,0,0,"10^0",0.740949,2.15187,NA,NA,"",0,0,0
"721","OPS015_UGD-HIV-PNEU_BAL_RNA_1153_E2_S54",290399,1,1663,"Arthrobacter sp. FB24","","bacteria","false",-0.000919771325297622,-0.190564290924798,-0.267225305676748,0.012543153779843,1,NA,NA,100,117,"10^-67.7696",0.273075,0.974952,NA,NA,-100,0,0,NA,NA,0,0,"10^0",0.0126177,0.0662123,NA,NA,"",0,0,0
"722","OPS015_UGD-HIV-PNEU_BAL_RNA_1153_E2_S54",727,1,724,"Haemophilus influenzae","","bacteria","false",2.56113844409972,1.04008746040509,1.04008746040509,20.4453406611441,1630,2,1329,99.4466,1381.23,"10^-263.927",2.90853,16.8609,NA,NA,0.443116174747475,5.20540881863485,415,1,362,97.6843,104.393,"10^-107.318",1.86675,7.5345,NA,NA,"",8.38766323792475,8.95222158712049e-45,4.70247202455595e-44
"725","OPS015_UGD-HIV-PNEU_BAL_RNA_1153_E2_S54",13690,1,165695,"Sphingobium yanoikuyae","","bacteria","false",2.27450860341667,1.67222047461035,1.67222047461035,6.25903373614167,499,3,482,99.2889,1275.21,"10^-300.189",0.371714,3.52066,NA,NA,-0.350722585199757,0.0501726151193721,4,NA,NA,99.3333,74.3333,"10^-140.781",2.62186,7.33254,NA,NA,"",10.9218456691302,8.93441647538683e-12,4.48112477425944e-11
"726","OPS015_UGD-HIV-PNEU_BAL_RNA_1153_E2_S54",1763534,1,237,"Flavobacterium crassostreae","","bacteria","false",-0.00142342992778259,-0.178760922339107,-0.251480104171974,0.025086307559686,2,NA,NA,100,112,"10^-64.3565",0.602633,2.29659,NA,NA,-100,0,0,NA,NA,0,0,"10^0",0.00963171,0.0538804,NA,NA,"",0,0,0
"728","OPS015_UGD-HIV-PNEU_BAL_RNA_1153_E2_S54",672,1,662,"Vibrio vulnificus","","bacteria","false",0.0123903004873337,1.75176748556452,0.117317627486592,0.025086307559686,2,NA,NA,92.35,150,"10^-74.5158",0.0174261,0.0652946,NA,NA,1.75176748556452,0.0627157688992151,5,NA,NA,100,38,"10^-307.653",0.00728424,0.0316432,NA,NA,"",0,0,0
"729","OPS015_UGD-HIV-PNEU_BAL_RNA_1153_E2_S54",1126,1,1125,"Microcystis aeruginosa","","bacteria","false",0.153714898111615,1.1455270217616,1.1455270217616,0.238319921817017,19,NA,NA,99.9588,130.941,"10^-77.22",0.0368137,0.175907,NA,NA,0.00120328293214426,0.37629461339529,30,2,20,71.8891,65.0357,"10^-103.928",0.374114,1.81222,NA,NA,"",0,0,0
"730","OPS015_UGD-HIV-PNEU_BAL_RNA_1153_E2_S54",1324352,1,59732,"Chryseobacterium gallinarum","","bacteria","false",-0.0021239673990021,-0.155115460421692,-0.155115460421692,0.0752589226790581,6,NA,NA,96.6,85.6667,"10^-39.8353",7.11975,45.4145,NA,NA,-100,0,0,NA,NA,0,0,"10^0",0.0645109,0.259342,NA,NA,"",0,0,0
"737","OPS015_UGD-HIV-PNEU_BAL_RNA_1153_E2_S54",1032851,1,1716,"Corynebacterium nuruki","","bacteria","false",0.659785091379204,100,100,0.025086307559686,2,NA,NA,99.65,150,"10^-89.6153",NA,NA,NA,NA,-0.0383167428296993,0.025086307559686,2,NA,NA,100,49,"10^-307.653",0.0309508,0.153053,NA,NA,"",0,0,0
"739","OPS015_UGD-HIV-PNEU_BAL_RNA_1153_E2_S54",1717,1,1716,"Corynebacterium diphtheriae","","bacteria","false",-0.0233521415215567,-0.131041296600127,-0.418208066814734,0.025086307559686,2,NA,NA,90.1,141,"10^-64.9586",0.703838,1.623,NA,NA,-0.131041296600127,0.576985073872779,46,2,40,51.9426,145.463,"10^-62.272",0.835523,1.97295,NA,NA,"",0,0,0
"740","OPS015_UGD-HIV-PNEU_BAL_RNA_1153_E2_S54",11676,1,11646,"Human immunodeficiency virus 1","","viruses","false",0.455701081855604,6.85271583929551,5.3663171367265,0.200690460477488,16,2,8,95.281,287,"10^-125.644",0.00591998,0.036295,NA,NA,6.85271583929551,0.175604152917802,14,2,8,94.6436,96,"10^-97.1127",0.00419306,0.0250136,NA,NA,"",0,0,0
"747","OPS015_UGD-HIV-PNEU_BAL_RNA_1153_E2_S54",782,1,780,"Rickettsia prowazekii","","bacteria","false",0.0102675519416872,8.91618631925994,8.91618631925994,0.025086307559686,2,NA,NA,95.9,102,"10^-51.4062",0.000282458,0.00278189,NA,NA,-0.14396148771703,0.037629461339529,3,NA,NA,79.1333,48,"10^-307.653",2.56853,17.5804,NA,NA,"",0,0,0
"749","OPS015_UGD-HIV-PNEU_BAL_RNA_1153_E2_S54",665099,1,1386,"Bacillus oceanisediminis","","bacteria","false",-0.00121600165358126,-0.140187912528275,-0.232854487346596,0.012543153779843,1,NA,NA,99.3,150,"10^-88.9208",0.310385,1.27909,NA,NA,-100,0,0,NA,NA,0,0,"10^0",0.0846592,0.603898,NA,NA,"",0,0,0
"750","OPS015_UGD-HIV-PNEU_BAL_RNA_1153_E2_S54",1423,1,1386,"Bacillus subtilis","","bacteria","false",-0.00174138531580989,-0.333461211826142,-0.333461211826142,0.012543153779843,1,NA,NA,100,143,"10^-85.5229",0.129486,0.350694,NA,NA,-100,0,0,NA,NA,0,0,"10^0",0.0817427,0.243121,NA,NA,"",0,0,0
"752","OPS015_UGD-HIV-PNEU_BAL_RNA_1153_E2_S54",79885,1,1386,"Bacillus pseudofirmus","","bacteria","false",-0.00245656635784532,-0.235206300174138,-0.235206300174138,0.025086307559686,2,NA,NA,92.4,141.5,"10^-70.0902",0.0788627,0.228635,NA,NA,-100,0,0,NA,NA,0,0,"10^0",0.247574,0.941907,NA,NA,"",0,0,0
"757","OPS015_UGD-HIV-PNEU_BAL_RNA_1153_E2_S54",1916917,1,33882,"Microbacterium sp. 1.5R","","bacteria","false",-0.00141146195378116,-0.198984239074813,-0.26593998514184,0.012543153779843,1,NA,NA,100,148,"10^-88.9586",0.0912941,0.296123,NA,NA,-100,0,0,NA,NA,0,0,"10^0",0.00233313,0.0117252,NA,NA,"",0,0,0
"758","OPS015_UGD-HIV-PNEU_BAL_RNA_1153_E2_S54",60172,1,5073,"Penicillium solitum","","eukaryota","false",0.0112810655879564,0.443364678517916,0.443364678517916,0.112888384018587,9,1,9,95.172,290,"10^-126.258",0.0304629,0.185909,NA,NA,-100,0,0,NA,NA,0,0,"10^0",0.0170715,0.0785736,NA,NA,"",0,0,0
"764","OPS015_UGD-HIV-PNEU_BAL_RNA_1153_E2_S54",249402,1,273135,"Cardinium endosymbiont of Encarsia pergandiella","","bacteria","false",0.00588746729114574,0.346222869462164,0.346222869462164,0.0501726151193721,4,NA,NA,91.7,144.5,"10^-70.0787",0.0121293,0.109881,NA,NA,-100,0,0,NA,NA,0,0,"10^0",0.00278587,0.0274377,NA,NA,"",0,0,0
"765","OPS015_UGD-HIV-PNEU_BAL_RNA_1153_E2_S54",127150,1,127149,"Rhynchomonas nasuta","","eukaryota","false",0.00523860498133405,0.456971857067419,0.456971857067419,0.025086307559686,2,NA,NA,95.45,121,"10^-62.9519",0.00639625,0.0408998,NA,NA,-100,0,0,NA,NA,0,0,"10^0",0.00134276,0.0132246,NA,NA,"",0,0,0
"766","OPS015_UGD-HIV-PNEU_BAL_RNA_1153_E2_S54",91604,1,1521255,"Candidatus Paracaedibacter acanthamoebae","","bacteria","false",0.00520745210241871,0.465106300355211,0.465106300355211,0.025086307559686,2,NA,NA,94.5,128,"10^-65.6778",0.00607932,0.0408659,NA,NA,-100,0,0,NA,NA,0,0,"10^0",0.013296,0.0768265,NA,NA,"",0,0,0
"768","OPS015_UGD-HIV-PNEU_BAL_RNA_1153_E2_S54",747,1,745,"Pasteurella multocida","","bacteria","false",0.00246682268345158,0.141088565513591,0.0907198624160687,0.263406229376703,21,NA,NA,99.719,119.81,"10^-69.2443",0.165671,1.07733,NA,NA,0.141088565513591,0.037629461339529,3,NA,NA,100,43,"10^-307.653",0.0259849,0.0825337,NA,NA,"",0,0,0
"769","OPS015_UGD-HIV-PNEU_BAL_RNA_1153_E2_S54",46124,1,117563,"Granulicatella adiacens","","bacteria","false",0.00031204319325377,0.324727750132247,0.324727750132247,0.012543153779843,1,NA,NA,99.3,150,"10^-88.9208",0.00458005,0.0245224,NA,NA,-100,0,0,NA,NA,0,0,"10^0",0.104783,0.570328,NA,NA,"",0,0,0
"770","OPS015_UGD-HIV-PNEU_BAL_RNA_1153_E2_S54",1882832,1,-200186822,"Paenibacillaceae bacterium GAS479","","bacteria","false",0.00218431642061467,0.699810506995981,0.699810506995981,0.025086307559686,2,NA,NA,87.919,149,"10^-40.7645",0.00517166,0.0284572,NA,NA,-100,0,0,NA,NA,0,0,"10^0",0.00179081,0.0134824,NA,NA,"",0,0,0
"771","OPS015_UGD-HIV-PNEU_BAL_RNA_1153_E2_S54",61435,1,61434,"Dehalococcoides mccartyi","","bacteria","false",0.000819686250661008,0.879490884528388,0.879490884528388,0.025086307559686,2,NA,NA,89.3,75,"10^-28.1675",0.00515379,0.0226637,NA,NA,-100,0,0,NA,NA,0,0,"10^0",0.00841775,0.0393533,NA,NA,"",0,0,0
"773","OPS015_UGD-HIV-PNEU_BAL_RNA_1153_E2_S54",777,1,776,"Coxiella burnetii","","bacteria","false",0.000618352382637205,0.236845312403052,0.236845312403052,0.025086307559686,2,NA,NA,97.2,108,"10^-57.5086",0.0128676,0.0515894,NA,NA,-100,0,0,NA,NA,0,0,"10^0",0.0174038,0.0694245,NA,NA,"",0,0,0
"774","OPS015_UGD-HIV-PNEU_BAL_RNA_1153_E2_S54",1855377,1,529881,"Candidatus Aquiluna sp. UB-MaderosW2red","","bacteria","false",0.000318309566423485,0.13261609504821,0.13261609504821,0.025086307559686,2,NA,NA,96.8,95,"10^-48.6576",0.0161337,0.0675077,NA,NA,-100,0,0,NA,NA,0,0,"10^0",0.00611043,0.0366728,NA,NA,"",0,0,0
"775","OPS015_UGD-HIV-PNEU_BAL_RNA_1153_E2_S54",1055487,1,359407,"Methylotenera versatilis","","bacteria","false",0.00029345996560329,0.218932819711206,0.218932819711206,0.025086307559686,2,NA,NA,98,149.5,"10^-85.8479",0.0108266,0.0651328,NA,NA,-100,0,0,NA,NA,0,0,"10^0",0.0583666,0.20363,NA,NA,"",0,0,0
"777","OPS015_UGD-HIV-PNEU_BAL_RNA_1153_E2_S54",576611,1,44013,"Polynucleobacter asymbioticus","","bacteria","false",0.000224325584611928,0.0191776802502216,0.0191776802502216,0.0501726151193721,4,NA,NA,100,124.25,"10^-72.7357",0.0458613,0.224809,NA,NA,-100,0,0,NA,NA,0,0,"10^0",0.0740135,0.386295,NA,NA,"",0,0,0
"782","OPS015_UGD-HIV-PNEU_BAL_RNA_1153_E2_S54",1615909,1,669357,"Geminocystis sp. NIES-3708","","bacteria","false",5.80206005580313e-05,0.0873680529770641,0.0873680529770641,0.025086307559686,2,NA,NA,98.701,231,"10^-111.917",0.0146377,0.119593,NA,NA,-100,0,0,NA,NA,0,0,"10^0",0.00956612,0.0405803,NA,NA,"",0,0,0
"783","OPS015_UGD-HIV-PNEU_BAL_RNA_1153_E2_S54",767452,1,265976,"Serinicoccus chungangensis","","bacteria","false",1.22881050406917e-05,0.00241658690850296,0.00241658690850296,0.025086307559686,2,NA,NA,97.65,150,"10^-85.5055",0.0248331,0.104779,NA,NA,-100,0,0,NA,NA,0,0,"10^0",0.322947,1.3388,NA,NA,"",0,0,0
"784","OPS015_UGD-HIV-PNEU_BAL_RNA_1153_E2_S54",83552,1,83551,"Parachlamydia acanthamoebae","","bacteria","false",2.09201572497029e-06,0.0358860986245617,0.0358860986245617,0.025086307559686,2,NA,NA,92.2,128,"10^-61.5528",0.0219368,0.087764,NA,NA,-100,0,0,NA,NA,0,0,"10^0",0.0521477,0.215168,NA,NA,"",0,0,0
"785","OPS015_UGD-HIV-PNEU_BAL_RNA_1153_E2_S54",427923,1,427922,"Desulfurivibrio alkaliphilus","","bacteria","false",-2.71269096590916e-05,-0.0465046935789735,-0.0465046935789735,0.012543153779843,1,NA,NA,97.7,87,"10^-44.5686",0.015602,0.065775,NA,NA,-100,0,0,NA,NA,0,0,"10^0",0.0106862,0.0556324,NA,NA,"",0,0,0
"786","OPS015_UGD-HIV-PNEU_BAL_RNA_1153_E2_S54",1509244,1,1509243,"Candidatus Nucleicultrix amoebiphila","","bacteria","false",-0.000108806106876254,-0.0593777562093926,-0.0593777562093926,0.025086307559686,2,NA,NA,88.9,99,"10^-40.3979",0.0321943,0.119708,NA,NA,-100,0,0,NA,NA,0,0,"10^0",0.0181844,0.0760079,NA,NA,"",0,0,0
"787","OPS015_UGD-HIV-PNEU_BAL_RNA_1153_E2_S54",28118,1,283168,"Odoribacter splanchnicus","","bacteria","false",-0.000215485737400246,-0.0919853293552867,-0.0919853293552867,0.025086307559686,2,NA,NA,92.15,77.5,"10^-32.6149",0.0519945,0.292527,NA,NA,-100,0,0,NA,NA,0,0,"10^0",0.0171823,0.101981,NA,NA,"",0,0,0
"791","OPS015_UGD-HIV-PNEU_BAL_RNA_1153_E2_S54",1789224,1,469,"Acinetobacter larvae","","bacteria","false",-0.000485035877730334,-0.145166197486596,-0.145166197486596,0.025086307559686,2,NA,NA,91.4,105,"10^-47.2291",0.774636,5.16339,NA,NA,-100,0,0,NA,NA,0,0,"10^0",0.0358962,0.193594,NA,NA,"",0,0,0
"793","OPS015_UGD-HIV-PNEU_BAL_RNA_1153_E2_S54",1805714,1,990721,"Christensenella massiliensis","","bacteria","false",-0.000421099257816134,-0.129560873322475,-0.129560873322475,0.025086307559686,2,NA,NA,94.95,78.5,"10^-36.0363",0.0948424,0.538404,NA,NA,-100,0,0,NA,NA,0,0,"10^0",0.00674842,0.0368298,NA,NA,"",0,0,0
"794","OPS015_UGD-HIV-PNEU_BAL_RNA_1153_E2_S54",349221,1,213485,"Micavibrio aeruginosavorus","","bacteria","false",-0.000453697431736153,-0.191184173742807,-0.191184173742807,0.012543153779843,1,NA,NA,99,97,"10^-52.7447",0.0369763,0.127799,NA,NA,-100,0,0,NA,NA,0,0,"10^0",0.0697153,0.227917,NA,NA,"",0,0,0
"797","OPS015_UGD-HIV-PNEU_BAL_RNA_1153_E2_S54",182710,1,182709,"Oceanobacillus iheyensis","","bacteria","false",-0.000513524799650936,-0.142236998674352,-0.142236998674352,0.025086307559686,2,NA,NA,97.65,150,"10^-85.4957",0.0598166,0.244172,NA,NA,-100,0,0,NA,NA,0,0,"10^0",0.0132159,0.0606741,NA,NA,"",0,0,0
"799","OPS015_UGD-HIV-PNEU_BAL_RNA_1153_E2_S54",75985,1,75984,"Mannheimia haemolytica","","bacteria","false",-0.000554981331817424,-0.0833573706278214,-0.0833573706278214,0.0627157688992151,5,NA,NA,99.56,96,"10^-52.919",0.193561,1.56969,NA,NA,-100,0,0,NA,NA,0,0,"10^0",0.175701,0.780536,NA,NA,"",0,0,0
"800","OPS015_UGD-HIV-PNEU_BAL_RNA_1153_E2_S54",1332188,1,1331051,"Candidatus Saccharimonas aalborgensis","","bacteria","false",-0.000564578893151797,-0.101439853044961,-0.101439853044961,0.0501726151193721,4,NA,NA,92.4,142.5,"10^-70.0886",0.124667,0.73437,NA,NA,-100,0,0,NA,NA,0,0,"10^0",0.134417,0.701926,NA,NA,"",0,0,0
"807","OPS015_UGD-HIV-PNEU_BAL_RNA_1153_E2_S54",1042156,1,1485,"Clostridium sp. SY8519","","bacteria","false",-0.000660234350692189,-0.14817923227409,-0.14817923227409,0.025086307559686,2,NA,NA,87.6,134,"10^-56.7364",0.140854,0.781268,NA,NA,-100,0,0,NA,NA,0,0,"10^0",0.00554563,0.0237296,NA,NA,"",0,0,0
"808","OPS015_UGD-HIV-PNEU_BAL_RNA_1153_E2_S54",447217,1,161492,"Anaeromyxobacter sp. K","","bacteria","false",-0.00067032402078721,-0.120981973346734,-0.120981973346734,0.025086307559686,2,NA,NA,95.4,139.5,"10^-74.2151",0.244596,1.8144,NA,NA,-100,0,0,NA,NA,0,0,"10^0",0.00970129,0.0498599,NA,NA,"",0,0,0
"809","OPS015_UGD-HIV-PNEU_BAL_RNA_1153_E2_S54",121292,1,1742993,"Pseudarthrobacter sulfonivorans","","bacteria","false",-0.000671330529278325,-0.172000576119833,-0.279589240697012,0.012543153779843,1,NA,NA,100,117,"10^-67.7696",0.36319,1.25415,NA,NA,-100,0,0,NA,NA,0,0,"10^0",0.0226898,0.131917,NA,NA,"",0,0,0
"815","OPS015_UGD-HIV-PNEU_BAL_RNA_1153_E2_S54",1873960,1,131324,"Pseudocercospora fijiensis","","eukaryota","false",-0.000935205539502235,-0.192031105235664,-0.192031105235664,0.025086307559686,2,NA,NA,89.1,142.5,"10^-63.9125",0.065168,0.208725,NA,NA,-100,0,0,NA,NA,0,0,"10^0",0.372526,1.81831,NA,NA,"",0,0,0
"816","OPS015_UGD-HIV-PNEU_BAL_RNA_1153_E2_S54",511062,1,129577,"Oceanimonas sp. GK1","","bacteria","false",-0.00103454754741649,-0.209137001033954,-0.286675268992268,0.012543153779843,1,NA,NA,95.2,147,"10^-78.6576",0.0842888,0.250268,NA,NA,-100,0,0,NA,NA,0,0,"10^0",0.0151095,0.0722469,NA,NA,"",0,0,0
"827","OPS015_UGD-HIV-PNEU_BAL_RNA_1153_E2_S54",1351,1,1350,"Enterococcus faecalis","","bacteria","false",-0.00144823033814932,-0.218109317714496,-0.218109317714496,0.025086307559686,2,NA,NA,92.7,96,"10^-43.8539",0.930168,4.14967,NA,NA,-100,0,0,NA,NA,0,0,"10^0",4.13344,16.0633,NA,NA,"",0,0,0
"832","OPS015_UGD-HIV-PNEU_BAL_RNA_1153_E2_S54",1332264,1,72763,"Tessaracoccus aquimaris","","bacteria","false",-0.0015577272372144,-0.245377500642303,-0.315031805751191,0.025086307559686,2,NA,NA,100,92,"10^-50.7212",0.301803,0.878377,NA,NA,-100,0,0,NA,NA,0,0,"10^0",0.0706751,0.288026,NA,NA,"",0,0,0
"833","OPS015_UGD-HIV-PNEU_BAL_RNA_1153_E2_S54",1804984,1,32008,"Burkholderia sp. OLGA172","","bacteria","false",-0.00252735146400568,-0.297451014754977,-0.297451014754977,0.025086307559686,2,NA,NA,100,96,"10^-53.4437",0.295712,0.909816,NA,NA,-100,0,0,NA,NA,0,0,"10^0",0.0980793,0.305493,NA,NA,"",0,0,0
"836","OPS015_UGD-HIV-PNEU_BAL_RNA_1153_E2_S54",1708,1,1707,"Cellulomonas fimi","","bacteria","false",-0.00172012308356384,-0.200020489505894,-0.252613241082371,0.025086307559686,2,NA,NA,93.2,118,"10^-57.4685",0.992883,3.83114,NA,NA,-100,0,0,NA,NA,0,0,"10^0",0.0517391,0.258669,NA,NA,"",0,0,0
"837","OPS015_UGD-HIV-PNEU_BAL_RNA_1153_E2_S54",1711,1,1707,"Cellulomonas flavigena","","bacteria","false",-0.00196947008452797,-0.255568837060833,-0.289231756739527,0.025086307559686,2,NA,NA,94.7,75,"10^-33.6576",0.800158,2.67976,NA,NA,-100,0,0,NA,NA,0,0,"10^0",0.0376297,0.147239,NA,NA,"",0,0,0
"843","OPS015_UGD-HIV-PNEU_BAL_RNA_1153_E2_S54",192843,1,28065,"Rhodoferax ferrireducens","","bacteria","false",-0.0022514924860137,-0.290278811414963,-0.310588943858581,0.025086307559686,2,NA,NA,96.25,136,"10^-73.8848",1.08667,3.41797,NA,NA,-100,0,0,NA,NA,0,0,"10^0",0.858099,2.95612,NA,NA,"",0,0,0
"844","OPS015_UGD-HIV-PNEU_BAL_RNA_1153_E2_S54",80816,1,162027,"Haliangium ochraceum","","bacteria","false",-0.00234445530533288,-0.305705046257927,-0.305705046257927,0.025086307559686,2,NA,NA,88.8,144.5,"10^-64.5935",0.2214,0.642167,NA,NA,-100,0,0,NA,NA,0,0,"10^0",0.0514666,0.151965,NA,NA,"",0,0,0
"848","OPS015_UGD-HIV-PNEU_BAL_RNA_1153_E2_S54",62928,1,12960,"Azoarcus sp. BH72","","bacteria","false",-0.00249880799269959,-0.259102036991484,-0.303679869176918,0.025086307559686,2,NA,NA,91.4,81,"10^-33.6198",1.04358,3.35384,NA,NA,-100,0,0,NA,NA,0,0,"10^0",0.110599,0.426855,NA,NA,"",0,0,0
"849","OPS015_UGD-HIV-PNEU_BAL_RNA_1153_E2_S54",927083,1,1055688,"Sandaracinus amylolyticus","","bacteria","false",-0.00264081319291423,-0.309121948307766,-0.324050873678727,0.025086307559686,2,NA,NA,91.803,244,"10^-90.2111",0.200613,0.541664,NA,NA,-100,0,0,NA,NA,0,0,"10^0",0.129468,0.418825,NA,NA,"",0,0,0
"852","OPS015_UGD-HIV-PNEU_BAL_RNA_1153_E2_S54",36873,1,1822464,"Paraburkholderia xenovorans","","bacteria","false",-0.00295339806183037,-0.277862125749857,-0.304984829541615,0.025086307559686,2,NA,NA,100,150,"10^-90.3098",2.19344,7.10971,NA,NA,-100,0,0,NA,NA,0,0,"10^0",0.307096,1.10521,NA,NA,"",0,0,0
"858","OPS015_UGD-HIV-PNEU_BAL_RNA_1153_E2_S54",703222,1,2029,"Kibdelosporangium sp. MJ126-NF4","","bacteria","false",-0.00526492608193453,-0.264700475281573,-0.301506111269466,0.0501726151193721,4,NA,NA,91.825,141.25,"10^-68.5497",0.234363,0.610901,NA,NA,-100,0,0,NA,NA,0,0,"10^0",0.0195818,0.0739772,NA,NA,"",0,0,0
"867","OPS015_UGD-HIV-PNEU_BAL_RNA_1153_E2_S54",161934,1,3554,"Beta vulgaris","","eukaryota","false",-0.0204055587351292,-0.180872897241722,-0.180872897241722,0.025086307559686,2,NA,NA,100,150,"10^-90.3098",0.1483,0.681217,NA,NA,-0.346048447104678,0.163060999137959,13,NA,NA,88.7077,43.2308,"10^-307.653",9.19015,26.0862,NA,NA,"",0,0,0
